{
  "phase": "ShifaMind Phase 1",
  "diagnosis_metrics": {
    "macro_f1": 0.4488446049919875,
    "micro_f1": 0.5341652421037872,
    "precision": 0.47787162862356675,
    "recall": 0.4509162476940858,
    "per_class_f1": {
      "E785": 0.7111516177332204,
      "I10": 0.7230810957417955,
      "Z87891": 0.5146459598677635,
      "K219": 0.5535977950585688,
      "F329": 0.5265288419835189,
      "I2510": 0.7458709229701597,
      "N179": 0.5374186550976139,
      "F419": 0.4893732970027248,
      "Z7901": 0.6263736263736264,
      "Z794": 0.6198895027624309,
      "E039": 0.5988872028325746,
      "E119": 0.5865184155663655,
      "G4733": 0.57005700570057,
      "D649": 0.07844946931241348,
      "E669": 0.41830065359477125,
      "I4891": 0.5728202630297126,
      "F17210": 0.40132171823370383,
      "Y929": 0.23475956077243468,
      "Z66": 0.429664508534432,
      "J45909": 0.5647743813682679,
      "Z7902": 0.35098438560760353,
      "J449": 0.6275979557069846,
      "D62": 0.549686660698299,
      "N390": 0.3818791946308725,
      "I129": 0.49294245385450597,
      "E1122": 0.6173590003377237,
      "E871": 0.3586019064911484,
      "I252": 0.586924219910847,
      "N189": 0.37841726618705035,
      "E872": 0.29964850615114236,
      "Z8673": 0.5655622958469435,
      "Z955": 0.6892609228256431,
      "Z86718": 0.6124711316397229,
      "G8929": 0.3380726698262243,
      "I110": 0.47466216216216217,
      "K5900": 0.07069767441860465,
      "N400": 0.4250132485426603,
      "N183": 0.45724907063197023,
      "I480": 0.3747016706443914,
      "I130": 0.551981351981352,
      "G4700": 0.044358727097396335,
      "D696": 0.06525573192239859,
      "Z951": 0.8393891521853607,
      "M109": 0.4476439790575916,
      "Y92239": 0.05108055009823183,
      "J9601": 0.3997944501541624,
      "J189": 0.34432643935159307,
      "Z23": 0.0,
      "Y92230": 0.12704174228675136,
      "I5032": 0.416141235813367
    }
  },
  "concept_metrics": {
    "concept_f1": 0.07497785053217103,
    "num_concepts": 111
  },
  "training_history": {
    "train_loss": [
      0.07762634027616148,
      0.06721752230595794,
      0.06435220449463101,
      0.062466810810260585,
      0.06117537558837731,
      0.06007133042617354,
      0.05908599030707295,
      0.05819135344002138,
      0.05737548487296445,
      0.056687123126648455,
      0.056121079965011526,
      0.05571919912435381
    ],
    "val_dx_f1": [
      0.24138936699393343,
      0.36118676897621776,
      0.3908981921814898,
      0.4112408532785237,
      0.42255335920385867,
      0.4306560574605547,
      0.43879009736704466,
      0.4431597766607302,
      0.44640780166995037,
      0.44859621234738606,
      0.4511536520638476,
      0.45098822007557826
    ],
    "val_concept_f1": [
      0.039189579284340956,
      0.05406632246384397,
      0.042511386909874875,
      0.04773614898240364,
      0.04956217851537196,
      0.06050649632644943,
      0.0668268081125416,
      0.06229269333875941,
      0.06749645322975313,
      0.07132013116822994,
      0.07508830867670648,
      0.07396190266088133
    ]
  },
  "dataset_info": {
    "train": 80572,
    "val": 17265,
    "test": 17266
  }
}