{
  "phase": "ShifaMind Phase 1 \u2014 Threshold Tuning",
  "default_0.5": {
    "macro_f1": 0.4488446049919875,
    "micro_f1": 0.5341652421037872,
    "precision": 0.47787162862356675,
    "recall": 0.4509162476940858,
    "per_class_f1": [
      0.7111516177332204,
      0.7230810957417955,
      0.5146459598677635,
      0.5535977950585688,
      0.5265288419835189,
      0.7458709229701597,
      0.5374186550976139,
      0.4893732970027248,
      0.6263736263736264,
      0.6198895027624309,
      0.5988872028325746,
      0.5865184155663655,
      0.57005700570057,
      0.07844946931241348,
      0.41830065359477125,
      0.5728202630297126,
      0.40132171823370383,
      0.23475956077243468,
      0.429664508534432,
      0.5647743813682679,
      0.35098438560760353,
      0.6275979557069846,
      0.549686660698299,
      0.3818791946308725,
      0.49294245385450597,
      0.6173590003377237,
      0.3586019064911484,
      0.586924219910847,
      0.37841726618705035,
      0.29964850615114236,
      0.5655622958469435,
      0.6892609228256431,
      0.6124711316397229,
      0.3380726698262243,
      0.47466216216216217,
      0.07069767441860465,
      0.4250132485426603,
      0.45724907063197023,
      0.3747016706443914,
      0.551981351981352,
      0.044358727097396335,
      0.06525573192239859,
      0.8393891521853607,
      0.4476439790575916,
      0.05108055009823183,
      0.3997944501541624,
      0.34432643935159307,
      0.0,
      0.12704174228675136,
      0.416141235813367
    ]
  },
  "optimal_tuned": {
    "macro_f1": 0.47267744885145985,
    "micro_f1": 0.505276724508284,
    "precision": 0.46141248493714526,
    "recall": 0.5188008187671556,
    "per_class_f1": [
      0.7111516177332204,
      0.7238095238095238,
      0.5314189595097921,
      0.5535977950585688,
      0.5265288419835189,
      0.7619332635044141,
      0.5374186550976139,
      0.4893732970027248,
      0.6043440486533449,
      0.6199356913183279,
      0.5988872028325746,
      0.5865184155663655,
      0.5688133376920562,
      0.26348087217652433,
      0.41830065359477125,
      0.5728202630297126,
      0.4050811573747354,
      0.2964174709635204,
      0.4304185842647381,
      0.5647743813682679,
      0.3831360946745562,
      0.6345441067457376,
      0.549686660698299,
      0.3818791946308725,
      0.49294245385450597,
      0.6285278413424866,
      0.3501464367068012,
      0.6044483209768862,
      0.3973082099596231,
      0.33743620534374064,
      0.5655622958469435,
      0.6953305594082293,
      0.6117886178861789,
      0.3625779625779626,
      0.47466216216216217,
      0.21052631578947367,
      0.4250132485426603,
      0.45724907063197023,
      0.4297652208515718,
      0.551981351981352,
      0.16512955643390426,
      0.1956386292834891,
      0.8383233532934131,
      0.4476439790575916,
      0.1872934263679765,
      0.3997944501541624,
      0.347068145800317,
      0.10272703203600742,
      0.2245762711864407,
      0.416141235813367
    ]
  },
  "dataset_info": {
    "val": 17265,
    "test": 17266
  },
  "threshold_candidates": [
    0.05,
    0.1,
    0.15,
    0.2,
    0.25,
    0.3,
    0.35,
    0.4,
    0.45,
    0.5,
    0.55,
    0.6,
    0.65,
    0.7,
    0.75,
    0.8,
    0.85,
    0.9,
    0.95
  ]
}