{
  "E785": 0.550000011920929,
  "I10": 0.6000000238418579,
  "Z87891": 0.5,
  "K219": 0.550000011920929,
  "F329": 0.5,
  "I2510": 0.6000000238418579,
  "N179": 0.5,
  "F419": 0.550000011920929,
  "Z7901": 0.5,
  "Z794": 0.550000011920929,
  "E039": 0.6000000238418579,
  "E119": 0.5,
  "G4733": 0.6000000238418579,
  "D649": 0.44999998807907104,
  "E669": 0.550000011920929,
  "I4891": 0.5,
  "F17210": 0.44999998807907104,
  "Y929": 0.44999998807907104,
  "Z66": 0.5,
  "J45909": 0.550000011920929,
  "Z7902": 0.44999998807907104,
  "J449": 0.6000000238418579,
  "D62": 0.550000011920929,
  "N390": 0.5,
  "I129": 0.550000011920929,
  "E1122": 0.550000011920929,
  "E871": 0.5,
  "I252": 0.6000000238418579,
  "N189": 0.5,
  "E872": 0.5,
  "Z8673": 0.5,
  "Z955": 0.550000011920929,
  "Z86718": 0.550000011920929,
  "G8929": 0.5,
  "I110": 0.5,
  "K5900": 0.4000000059604645,
  "N400": 0.6000000238418579,
  "N183": 0.550000011920929,
  "I480": 0.44999998807907104,
  "I130": 0.550000011920929,
  "G4700": 0.4000000059604645,
  "D696": 0.44999998807907104,
  "Z951": 0.6000000238418579,
  "M109": 0.550000011920929,
  "Y92239": 0.4000000059604645,
  "J9601": 0.5,
  "J189": 0.5,
  "Z23": 0.4000000059604645,
  "Y92230": 0.44999998807907104,
  "I5032": 0.5
}