{
  "phase": "ShifaMind Phase 2",
  "diagnosis_metrics": {
    "macro_f1": 0.4530210901416622,
    "micro_f1": 0.5208583546014112,
    "precision": 0.41714010898406817,
    "recall": 0.5143467151577868,
    "per_class_f1": {
      "E785": 0.6977860442791144,
      "I10": 0.7138887093646998,
      "Z87891": 0.5296364756623536,
      "K219": 0.5427336215497173,
      "F329": 0.5145909327774882,
      "I2510": 0.7215533980582525,
      "N179": 0.5263696876600102,
      "F419": 0.4717245676896713,
      "Z7901": 0.6182660745317629,
      "Z794": 0.6077922077922078,
      "E039": 0.5840307622709794,
      "E119": 0.5685909373060211,
      "G4733": 0.5390605375533786,
      "D649": 0.20926243567753003,
      "E669": 0.41268980477223427,
      "I4891": 0.5692582663092046,
      "F17210": 0.38927855711422843,
      "Y929": 0.28677839851024206,
      "Z66": 0.429847862835064,
      "J45909": 0.5271966527196653,
      "Z7902": 0.3739927757710475,
      "J449": 0.5957186544342508,
      "D62": 0.5389766943477096,
      "N390": 0.3797387703090156,
      "I129": 0.46924829157175396,
      "E1122": 0.6143617021276596,
      "E871": 0.350700682716493,
      "I252": 0.5607599082869309,
      "N189": 0.3986297103706011,
      "E872": 0.31871657754010696,
      "Z8673": 0.5447698744769874,
      "Z955": 0.6674174174174174,
      "Z86718": 0.5842309349418354,
      "G8929": 0.35350877192982455,
      "I110": 0.45326596896427285,
      "K5900": 0.14202049780380674,
      "N400": 0.4021543985637343,
      "N183": 0.4510288065843621,
      "I480": 0.4391237901171676,
      "I130": 0.5413153456998314,
      "G4700": 0.0975609756097561,
      "D696": 0.16906267970097758,
      "Z951": 0.8130745658835546,
      "M109": 0.43406022845275183,
      "Y92239": 0.13658536585365855,
      "J9601": 0.398595258999122,
      "J189": 0.3437366395895682,
      "Z23": 0.023157894736842106,
      "Y92230": 0.18494897959183673,
      "I5032": 0.41025641025641024
    }
  },
  "concept_metrics": {
    "concept_f1": 0.35203336227577187,
    "num_concepts": 111
  },
  "training_history": {
    "train_loss": [
      0.04992834389719423,
      0.040212375891555435,
      0.03962639267197599,
      0.039325416406928736,
      0.03853185805070456,
      0.03756109592682335,
      0.036794726659171724,
      0.03612935519555319,
      0.035575208467941044,
      0.03509900887216411,
      0.03473960569722399,
      0.03446958825673473
    ],
    "val_dx_f1": [
      0.45176441038316817,
      0.4543258581667063,
      0.4547538627499235,
      0.45341941461384044,
      0.4544329109464271,
      0.4570299497136813,
      0.4545461802934135,
      0.4553661024485331,
      0.4555407243100824,
      0.45280607697590447,
      0.4543789081407712,
      0.45347834444916996
    ],
    "val_concept_f1": [
      0.2834182398670208,
      0.3017096597248445,
      0.304301189122236,
      0.3282824726217584,
      0.33833595663245586,
      0.3530483442104139,
      0.3565435605030216,
      0.3612338044887397,
      0.36276432109845297,
      0.3642440549129484,
      0.368241653426016,
      0.3681373496455168
    ]
  },
  "dataset_info": {
    "train": 80572,
    "val": 17265,
    "test": 17266
  }
}