{
  "phase": "ShifaMind Phase 2 \u2014 Threshold Tuning",
  "default_0.5": {
    "macro_f1": 0.4530140133504467,
    "micro_f1": 0.5208538587848933,
    "precision": 0.41713706503886044,
    "recall": 0.5143324192321257,
    "per_class_f1": [
      0.6977860442791144,
      0.7138887093646998,
      0.5296364756623536,
      0.5427336215497173,
      0.5145909327774882,
      0.7215533980582525,
      0.5263696876600102,
      0.4717245676896713,
      0.6182660745317629,
      0.6077922077922078,
      0.5840307622709794,
      0.5685909373060211,
      0.5390605375533786,
      0.20926243567753003,
      0.41268980477223427,
      0.5692582663092046,
      0.38927855711422843,
      0.28677839851024206,
      0.429847862835064,
      0.5271966527196653,
      0.3739927757710475,
      0.5957186544342508,
      0.5389766943477096,
      0.3797387703090156,
      0.46875,
      0.6143617021276596,
      0.350700682716493,
      0.5607599082869309,
      0.3986297103706011,
      0.31871657754010696,
      0.5447698744769874,
      0.6674174174174174,
      0.5842309349418354,
      0.35350877192982455,
      0.45326596896427285,
      0.14202049780380674,
      0.40229885057471265,
      0.4510288065843621,
      0.4391237901171676,
      0.5413153456998314,
      0.0975609756097561,
      0.16906267970097758,
      0.8130745658835546,
      0.43406022845275183,
      0.13658536585365855,
      0.398595258999122,
      0.3437366395895682,
      0.023157894736842106,
      0.18494897959183673,
      0.41025641025641024
    ]
  },
  "optimal_tuned": {
    "macro_f1": 0.46663872288313274,
    "micro_f1": 0.5034294832911841,
    "precision": 0.4452099061159911,
    "recall": 0.5195764509259826,
    "per_class_f1": [
      0.7045261020501736,
      0.7173637515842839,
      0.5296364756623536,
      0.5477186690575812,
      0.5145909327774882,
      0.7512915129151292,
      0.5263696876600102,
      0.47383125349227045,
      0.6182660745317629,
      0.6176413819725922,
      0.5944036946481934,
      0.5685909373060211,
      0.5694831321572269,
      0.2568407960199005,
      0.4010315925209542,
      0.5692582663092046,
      0.38279051065540814,
      0.3036547433903577,
      0.429847862835064,
      0.5387666786873422,
      0.39630346013324735,
      0.6271929824561403,
      0.5513513513513514,
      0.3797387703090156,
      0.4725925925925926,
      0.6246851385390428,
      0.350700682716493,
      0.6010058675607711,
      0.3986297103706011,
      0.31871657754010696,
      0.5447698744769874,
      0.6861614497528831,
      0.5995316159250585,
      0.35350877192982455,
      0.45326596896427285,
      0.22092684348586417,
      0.4069077172153265,
      0.45390070921985815,
      0.43187066974595845,
      0.541488857278331,
      0.17049808429118773,
      0.21695668271010737,
      0.8260393873085339,
      0.430788330229671,
      0.17893859405390386,
      0.398595258999122,
      0.3437366395895682,
      0.10979462875197472,
      0.21717846016911438,
      0.41025641025641024
    ]
  },
  "dataset_info": {
    "val": 17265,
    "test": 17266
  }
}