{
  "train_loss": [
    0.04992834389719423,
    0.040212375891555435,
    0.03962639267197599,
    0.039325416406928736,
    0.03853185805070456,
    0.03756109592682335,
    0.036794726659171724,
    0.03612935519555319,
    0.035575208467941044,
    0.03509900887216411,
    0.03473960569722399,
    0.03446958825673473
  ],
  "val_dx_f1": [
    0.45176441038316817,
    0.4543258581667063,
    0.4547538627499235,
    0.45341941461384044,
    0.4544329109464271,
    0.4570299497136813,
    0.4545461802934135,
    0.4553661024485331,
    0.4555407243100824,
    0.45280607697590447,
    0.4543789081407712,
    0.45347834444916996
  ],
  "val_concept_f1": [
    0.2834182398670208,
    0.3017096597248445,
    0.304301189122236,
    0.3282824726217584,
    0.33833595663245586,
    0.3530483442104139,
    0.3565435605030216,
    0.3612338044887397,
    0.36276432109845297,
    0.3642440549129484,
    0.368241653426016,
    0.3681373496455168
  ]
}