{
  "E785": {
    "f1": 0.7012325830653805,
    "precision": 0.6325839980662316,
    "recall": 0.7865945296062519,
    "threshold": 0.550000011920929,
    "support": 6654,
    "auc_roc": 0.8343445814102959,
    "avg_precision": 0.7545627872085839
  },
  "I10": {
    "f1": 0.7153428712382832,
    "precision": 0.6619277422720752,
    "recall": 0.7781355412450168,
    "threshold": 0.550000011920929,
    "support": 6522,
    "auc_roc": 0.8490171546650171,
    "avg_precision": 0.7746182120139141
  },
  "Z87891": {
    "f1": 0.5237339979608021,
    "precision": 0.37902762974501925,
    "recall": 0.8471687740516768,
    "threshold": 0.44999998807907104,
    "support": 5457,
    "auc_roc": 0.6758247720696064,
    "avg_precision": 0.48325827807097427
  },
  "K219": {
    "f1": 0.5396043956043957,
    "precision": 0.45486883059137395,
    "recall": 0.6631374243733794,
    "threshold": 0.5,
    "support": 4628,
    "auc_roc": 0.7616539762303342,
    "avg_precision": 0.5989109817238993
  },
  "F329": {
    "f1": 0.5142937219730942,
    "precision": 0.5021893814997264,
    "recall": 0.5269959793222286,
    "threshold": 0.5,
    "support": 3482,
    "auc_roc": 0.7829018810944803,
    "avg_precision": 0.5349094138338425
  },
  "I2510": {
    "f1": 0.7348571428571429,
    "precision": 0.7044645302656807,
    "recall": 0.767990444908928,
    "threshold": 0.550000011920929,
    "support": 3349,
    "auc_roc": 0.9202787532355207,
    "avg_precision": 0.7747831798457333
  },
  "N179": {
    "f1": 0.518957345971564,
    "precision": 0.4296926095487247,
    "recall": 0.6550348953140578,
    "threshold": 0.5,
    "support": 3009,
    "auc_roc": 0.821682237661941,
    "avg_precision": 0.49313520239395914
  },
  "F419": {
    "f1": 0.46237393328161364,
    "precision": 0.5089666951323655,
    "recall": 0.4235963041933191,
    "threshold": 0.550000011920929,
    "support": 2814,
    "auc_roc": 0.761698272407682,
    "avg_precision": 0.47049653247065665
  },
  "Z7901": {
    "f1": 0.606550748079256,
    "precision": 0.5651846269781462,
    "recall": 0.6544502617801047,
    "threshold": 0.5,
    "support": 2292,
    "auc_roc": 0.9000038111435038,
    "avg_precision": 0.6642661274074635
  },
  "Z794": {
    "f1": 0.614720314033366,
    "precision": 0.564935064935065,
    "recall": 0.6741282823934568,
    "threshold": 0.550000011920929,
    "support": 2323,
    "auc_roc": 0.9141444044983219,
    "avg_precision": 0.65150904051591
  },
  "E039": {
    "f1": 0.5894308943089431,
    "precision": 0.6933652121936641,
    "recall": 0.5125939019001325,
    "threshold": 0.6000000238418579,
    "support": 2263,
    "auc_roc": 0.8467252196931361,
    "avg_precision": 0.6213076558884442
  },
  "E119": {
    "f1": 0.5620335820895522,
    "precision": 0.5636108512628625,
    "recall": 0.5604651162790698,
    "threshold": 0.550000011920929,
    "support": 2150,
    "auc_roc": 0.8611634676332485,
    "avg_precision": 0.5354659178595031
  },
  "G4733": {
    "f1": 0.564505566470203,
    "precision": 0.7568042142230026,
    "recall": 0.4501305483028721,
    "threshold": 0.6000000238418579,
    "support": 1915,
    "auc_roc": 0.8348890615812782,
    "avg_precision": 0.5888660035354124
  },
  "D649": {
    "f1": 0.2569051580698835,
    "precision": 0.18562154364029815,
    "recall": 0.41707185305240413,
    "threshold": 0.44999998807907104,
    "support": 1851,
    "auc_roc": 0.6726283081459768,
    "avg_precision": 0.18272876766990614
  },
  "E669": {
    "f1": 0.415433710472875,
    "precision": 0.4540266328471782,
    "recall": 0.38288770053475935,
    "threshold": 0.5,
    "support": 1870,
    "auc_roc": 0.7619241507273922,
    "avg_precision": 0.4121853105957667
  },
  "I4891": {
    "f1": 0.5812441968430826,
    "precision": 0.50220617729643,
    "recall": 0.6898071625344353,
    "threshold": 0.5,
    "support": 1815,
    "auc_roc": 0.8906562699856455,
    "avg_precision": 0.5329865104728968
  },
  "F17210": {
    "f1": 0.3894329309952175,
    "precision": 0.3249714937286203,
    "recall": 0.48579545454545453,
    "threshold": 0.44999998807907104,
    "support": 1760,
    "auc_roc": 0.7700051776145305,
    "avg_precision": 0.3569143812109744
  },
  "Y929": {
    "f1": 0.29907295445384924,
    "precision": 0.23436512950094757,
    "recall": 0.4131403118040089,
    "threshold": 0.44999998807907104,
    "support": 1796,
    "auc_roc": 0.7083679454306993,
    "avg_precision": 0.24609933199599915
  },
  "Z66": {
    "f1": 0.414855987872663,
    "precision": 0.34481310373792523,
    "recall": 0.5206087507926442,
    "threshold": 0.5,
    "support": 1577,
    "auc_roc": 0.8441518000102902,
    "avg_precision": 0.3838311193660327
  },
  "J45909": {
    "f1": 0.5348997926744989,
    "precision": 0.5921958684009181,
    "recall": 0.4877126654064272,
    "threshold": 0.550000011920929,
    "support": 1587,
    "auc_roc": 0.8216002219706138,
    "avg_precision": 0.5009168086464064
  },
  "Z7902": {
    "f1": 0.3900335409678965,
    "precision": 0.31796875,
    "recall": 0.5043370508054523,
    "threshold": 0.44999998807907104,
    "support": 1614,
    "auc_roc": 0.8210318542297448,
    "avg_precision": 0.31768021531391666
  },
  "J449": {
    "f1": 0.6144623454477333,
    "precision": 0.7420814479638009,
    "recall": 0.5242966751918159,
    "threshold": 0.6000000238418579,
    "support": 1564,
    "auc_roc": 0.8749331580416719,
    "avg_precision": 0.6113417605667736
  },
  "D62": {
    "f1": 0.5331710286062081,
    "precision": 0.48802228412256266,
    "recall": 0.5875251509054326,
    "threshold": 0.550000011920929,
    "support": 1491,
    "auc_roc": 0.8890216523653277,
    "avg_precision": 0.49826744166642434
  },
  "N390": {
    "f1": 0.36864931846344484,
    "precision": 0.3378762067007382,
    "recall": 0.4055896387184731,
    "threshold": 0.5,
    "support": 1467,
    "auc_roc": 0.8032477097145708,
    "avg_precision": 0.3269373267475614
  },
  "I129": {
    "f1": 0.4704336399474376,
    "precision": 0.435258358662614,
    "recall": 0.511794138670479,
    "threshold": 0.44999998807907104,
    "support": 1399,
    "auc_roc": 0.8421014920623465,
    "avg_precision": 0.447907961164526
  },
  "E1122": {
    "f1": 0.6256335988414192,
    "precision": 0.6167023554603854,
    "recall": 0.6348273328434975,
    "threshold": 0.550000011920929,
    "support": 1361,
    "auc_roc": 0.9206242705298566,
    "avg_precision": 0.6159536596032132
  },
  "E871": {
    "f1": 0.3492932056543548,
    "precision": 0.4031578947368421,
    "recall": 0.3081255028157683,
    "threshold": 0.550000011920929,
    "support": 1243,
    "auc_roc": 0.7732415927245373,
    "avg_precision": 0.3065910082498658
  },
  "I252": {
    "f1": 0.5981465880370682,
    "precision": 0.6442831215970962,
    "recall": 0.5581761006289309,
    "threshold": 0.550000011920929,
    "support": 1272,
    "auc_roc": 0.9100775703624707,
    "avg_precision": 0.6224428075097664
  },
  "N189": {
    "f1": 0.4026936026936027,
    "precision": 0.35851318944844124,
    "recall": 0.4592933947772657,
    "threshold": 0.5,
    "support": 1302,
    "auc_roc": 0.8367450034466952,
    "avg_precision": 0.34024229406730705
  },
  "E872": {
    "f1": 0.32796276405298963,
    "precision": 0.2928388746803069,
    "recall": 0.3726606997558991,
    "threshold": 0.5,
    "support": 1229,
    "auc_roc": 0.79786628490777,
    "avg_precision": 0.25747307033149147
  },
  "Z8673": {
    "f1": 0.5419120978704123,
    "precision": 0.5578358208955224,
    "recall": 0.5268722466960353,
    "threshold": 0.550000011920929,
    "support": 1135,
    "auc_roc": 0.868636551450855,
    "avg_precision": 0.4916712526075576
  },
  "Z955": {
    "f1": 0.6735395189003437,
    "precision": 0.67008547008547,
    "recall": 0.6770293609671848,
    "threshold": 0.550000011920929,
    "support": 1158,
    "auc_roc": 0.9465114149611024,
    "avg_precision": 0.6892301226652615
  },
  "Z86718": {
    "f1": 0.5879470847623713,
    "precision": 0.6756756756756757,
    "recall": 0.5203816131830009,