{
  "phase": "ShifaMind Phase 3 (base: Phase 2)",
  "base_phase": 2,
  "run_id": "20260310_130046",
  "best_val_macro_f1": 0.4536108694295723,
  "diagnosis_metrics": {
    "macro_f1": 0.4519632034763958,
    "micro_f1": 0.5178919466749825,
    "precision": 0.42900459141413505,
    "recall": 0.4929087700148351,
    "per_class_f1": {
      "E785": 0.6934450468210941,
      "I10": 0.7108170691366192,
      "Z87891": 0.5256136606189968,
      "K219": 0.5396043956043957,
      "F329": 0.5142937219730942,
      "I2510": 0.7169509594882729,
      "N179": 0.518957345971564,
      "F419": 0.4634186622625929,
      "Z7901": 0.606550748079256,
      "Z794": 0.6162584309549166,
      "E039": 0.5565470014525835,
      "E119": 0.5679166666666666,
      "G4733": 0.5591699383062254,
      "D649": 0.20437551924674605,
      "E669": 0.415433710472875,
      "I4891": 0.5812441968430826,
      "F17210": 0.39536807278742764,
      "Y929": 0.2911593435680254,
      "Z66": 0.414855987872663,
      "J45909": 0.5169307238272756,
      "Z7902": 0.36627218934911243,
      "J449": 0.6138224697019325,
      "D62": 0.5209580838323353,
      "N390": 0.36864931846344484,
      "I129": 0.47352941176470587,
      "E1122": 0.6132521974306964,
      "E871": 0.342143906020558,
      "I252": 0.5756097560975609,
      "N189": 0.4026936026936027,
      "E872": 0.32796276405298963,
      "Z8673": 0.5222721700040867,
      "Z955": 0.66796875,
      "Z86718": 0.5996360327570519,
      "G8929": 0.3448275862068966,
      "I110": 0.44451985069562266,
      "K5900": 0.1722550953320184,
      "N400": 0.4136403897254207,
      "N183": 0.46643460964694183,
      "I480": 0.4513172966781214,
      "I130": 0.5244170699516058,
      "G4700": 0.150354609929078,
      "D696": 0.1777059773828756,
      "Z951": 0.8080703569580963,
      "M109": 0.41025641025641024,
      "Y92239": 0.1035007610350076,
      "J9601": 0.3909348441926346,
      "J189": 0.33946251768033947,
      "Z23": 0.028084252758274825,
      "Y92230": 0.15508412582297001,
      "I5032": 0.41361256544502617
    }
  },
  "training_history": {
    "train_loss": [
      0.06669749781959841,
      0.06651971938282346,
      0.0628403724171961,
      0.05913657228173163,
      0.05574558472990948,
      0.05272568671648244,
      0.05024932226760874,
      0.04837318014289157
    ],
    "val_macro_f1": [
      0.4486265732512674,
      0.44964770499093293,
      0.4536108694295723,
      0.45216975944389776,
      0.45049153774127393,
      0.4495804562181288,
      0.4491105918054884,
      0.44941141674371876
    ],
    "val_micro_f1": [
      0.51539142200353,
      0.5174858510185865,
      0.5181037518093972,
      0.5135511072392898,
      0.5123962925340345,
      0.5096948360208433,
      0.5080663798401966,
      0.5082631125545841
    ]
  },
  "dataset_info": {
    "train": 80572,
    "val": 17265,
    "test": 17266
  },
  "rag_config": {
    "top_k": 5,
    "threshold": 0.0,
    "gate_max": 0.35,
    "prototypes_per_dx": 50,
    "corpus_size": 3943
  }
}