{
  "thresholds": {
    "E785": 0.550000011920929,
    "I10": 0.550000011920929,
    "Z87891": 0.44999998807907104,
    "K219": 0.5,
    "F329": 0.5,
    "I2510": 0.550000011920929,
    "N179": 0.5,
    "F419": 0.550000011920929,
    "Z7901": 0.5,
    "Z794": 0.550000011920929,
    "E039": 0.6000000238418579,
    "E119": 0.550000011920929,
    "G4733": 0.6000000238418579,
    "D649": 0.44999998807907104,
    "E669": 0.5,
    "I4891": 0.5,
    "F17210": 0.44999998807907104,
    "Y929": 0.44999998807907104,
    "Z66": 0.5,
    "J45909": 0.550000011920929,
    "Z7902": 0.44999998807907104,
    "J449": 0.6000000238418579,
    "D62": 0.550000011920929,
    "N390": 0.5,
    "I129": 0.44999998807907104,
    "E1122": 0.550000011920929,
    "E871": 0.550000011920929,
    "I252": 0.550000011920929,
    "N189": 0.5,
    "E872": 0.5,
    "Z8673": 0.550000011920929,
    "Z955": 0.550000011920929,
    "Z86718": 0.550000011920929,
    "G8929": 0.5,
    "I110": 0.550000011920929,
    "K5900": 0.4000000059604645,
    "N400": 0.550000011920929,
    "N183": 0.44999998807907104,
    "I480": 0.44999998807907104,
    "I130": 0.550000011920929,
    "G4700": 0.44999998807907104,
    "D696": 0.4000000059604645,
    "Z951": 0.6000000238418579,
    "M109": 0.550000011920929,
    "Y92239": 0.4000000059604645,
    "J9601": 0.5,
    "J189": 0.5,
    "Z23": 0.3499999940395355,
    "Y92230": 0.4000000059604645,
    "I5032": 0.5
  },
  "val_f1_per_label": {
    "E785": 0.7018426656723022,
    "I10": 0.7109017968177795,
    "Z87891": 0.5271282196044922,
    "K219": 0.5443828701972961,
    "F329": 0.5173406600952148,
    "I2510": 0.7335047125816345,
    "N179": 0.5212623476982117,
    "F419": 0.49502721428871155,
    "Z7901": 0.5887677669525146,
    "Z794": 0.621021032333374,
    "E039": 0.590229332447052,
    "E119": 0.5547263622283936,
    "G4733": 0.5720868706703186,
    "D649": 0.2652687728404999,
    "E669": 0.4146997332572937,
    "I4891": 0.5532216429710388,
    "F17210": 0.367063045501709,
    "Y929": 0.2995069921016693,
    "Z66": 0.41434264183044434,
    "J45909": 0.5384352803230286,
    "Z7902": 0.38705000281333923,
    "J449": 0.6242331266403198,
    "D62": 0.5303167700767517,
    "N390": 0.39202243089675903,
    "I129": 0.5037471652030945,
    "E1122": 0.6354421377182007,
    "E871": 0.37362638115882874,
    "I252": 0.623343288898468,
    "N189": 0.4182741045951843,
    "E872": 0.32883521914482117,
    "Z8673": 0.5471447706222534,
    "Z955": 0.664675772190094,
    "Z86718": 0.5669211149215698,
    "G8929": 0.34861552715301514,
    "I110": 0.447430819272995,
    "K5900": 0.22437357902526855,
    "N400": 0.40689271688461304,
    "N183": 0.4499586522579193,
    "I480": 0.45292842388153076,
    "I130": 0.5403226017951965,
    "G4700": 0.17715391516685486,
    "D696": 0.2214580476284027,
    "Z951": 0.8036739230155945,
    "M109": 0.43478259444236755,
    "Y92239": 0.17137861251831055,
    "J9601": 0.426440954208374,
    "J189": 0.338106244802475,
    "Z23": 0.11506849527359009,
    "Y92230": 0.21430926024913788,
    "I5032": 0.4295661449432373
  },
  "mean_val_f1": 0.46657702326774597,
  "mean_threshold": 0.5059999823570251
}